id	name	artist	version	bpm	diffNormal	diffHard	diffExpert	diffInferno
3	Rainbow Dream	DJ Genki feat. Yukacco	1	180	3.0	8.7	11.4	0.0
4	Knight Rider	USAO	1	200	6.0	10.9	13.3	0.0
5	Poseidon	Massive New Krew	1	155	5.0	9.9	13.8	0.0
6	PARALLEL★PRISM	P*Light	1	180	3.0	7.7	10.8	0.0
7	千本桜	黒うさP feat. 初音ミク	1	154	2.0	7.9	10.4	0.0
8	シュガーソングとビターステップ	UNISON SQUARE GARDEN	1	132	2.0	7.0	10.4	0.0
9	ピースサイン	米津玄師	1	200	2.0	6.9	9.8	0.0
10	Singin'☆Shine！	あんさんぶるスターズ！ オン・ステージ	1	142	1.0	5.3	9.6	0.0
20	MEMORiZE	REDALiCE feat. Ayumi Nomiya	1	175	3.0	8.1	10.0	0.0
21	illanai-assorted	t+pazolite	1	191	4.0	8.9	12.9	0.0
23	ファティマ	いとうかなこ	1	179	2.0	6.8	9.5	0.0
24	Soldiers	DJ Noriken	1	170	4.0	8.8	11.9	0.0
25	Fight for the CORE feat. Daisuke	DJ Myosuke	1	200	4.0	10.7	12.6	0.0
26	回レ！雪月花	歌組雪月花(夜々(原田ひとみ)・いろり(茅野愛衣)・小紫(小倉唯))	1	160	2.0	8.0	11.0	13.8
27	エイリアンエイリアン	ナユタン星人 feat. 初音ミク	1	152	2.0	6.7	10.5	0.0
30	砂の惑星 feat. 初音ミク	ハチ	1	95	3.0	8.7	10.5	0.0
31	マトリョシカ	ハチ	1	205	3.0	8.2	10.4	0.0
32	Let you DIVE!	HARDCORE TANO*C & エリザベス（CV:大西沙織）	1	185	3.0	9.7	11.8	13.4
1001	Bad Apple!! feat. nomico	Masayoshi Minoshima	1	138	1.0	5.5	9.3	0.0
1002	ナイト・オブ・ナイツ	ビートまりお（COOL&CREATE）	1	180	3.0	9.0	12.0	0.0
1003	かくしん的☆めたまるふぉ～ぜっ!	土間うまる(田中あいみ)	1	139	1.0	5.2	9.5	0.0
1004	You Only Live Once	YURI!!! on ICE feat. w.hatano	1	126	1.0	5.4	9.1	0.0
1005	にめんせい☆ウラオモテライフ!	土間うまる(田中あいみ)	1	170	3.0	7.8	10.5	0.0
1006	徒花ネクロマンシー	フランシュシュ	1	172	3.0	6.9	9.7	0.0
1008	HOT LIMIT	T.M.Revolution	3	138	3.0	7.9	10.0	0.0
1009	only my railgun	fripSide	2	143	3.0	6.7	9.5	0.0
1010	POP TEAM EPIC	上坂すみれ	1	142	3.0	7.8	11.4	0.0
1011	ようこそジャパリパークへ	どうぶつビスケッツ×PPP	1	170	2.0	7.6	10.7	0.0
1013	ゴーストルール	DECO*27	2	210	3.0	9.0	11.6	0.0
1014	ロキ	みきとP	1	150	4.0	9.4	11.6	0.0
1015	気まぐれメルシィ feat. 初音ミク	八王子P	1	160	3.0	7.4	10.5	0.0
1016	太陽系デスコ	ナユタン星人	1	150	2.0	7.4	10.7	0.0
1017	ウマーベラス	MONKEY MAJIK × サンドウィッチマン	1	116	1.0	6.8	9.8	0.0
1018	ただ君に晴れ	ヨルシカ	1	140	3.0	7.0	9.6	0.0
1020	ないものねだり	KANA-BOON	3	175	2.0	7.7	11.1	0.0
1021	新宝島	サカナクション	2	157	1.0	6.3	9.4	0.0
1026	EXCITE	三浦大知	1	151	1.0	6.5	10.0	0.0
1027	ギミチョコ!!	BABYMETAL	1	220	4.0	10.3	12.9	0.0
1030	初音ミクの消失	cosMo@暴走P	1	240	5.0	10.6	13.8	0.0
1031	リアル初音ミクの消失	cosMo@暴走P	2	232	6.0	10.2	13.7	0.0
1032	ワールズエンド・ダンスホール	wowaka	5	171	3.0	8.6	12.5	0.0
1035	ウミユリ海底譚	n-buna	1	120	1.0	7.1	10.2	0.0
1036	Seyana. ～何でも言うことを聞いてくれるアカネチャン～	GYARI(ココアシガレットP)	1	144	2.0	9.3	11.7	0.0
1037	アカリがやってきたぞっ	GYARI(ココアシガレットP)	1	136	3.0	8.5	11.2	0.0
1041	フラジール	ぬゆり	1	127	1.0	7.0	10.3	0.0
1042	劣等上等	Giga feat. 鏡音リン・レン	1	160	3.0	8.0	11.9	0.0
1043	こんにちは、ARuFaです。	ARuFa	1	168	3.0	7.5	10.4	0.0
1044	ぼくの夢、メチャクソ無限湧き	ARuFa & t+pazolite & かめりあ	1	205	4.0	9.6	12.6	13.8
1045	Jägermeister	Da Tweekaz	1	150	3.0	8.8	11.2	0.0
1047	『エキセントリック少年ボウイ』のテーマ	エキセントリック少年ボウイ　オールスターズ	1	150	1.0	5.7	12.6	0.0
1049	EZ DO DANCE -K.O.P. REMIX-	仁科カヅキ vs 大和アレクサンダー(増田俊樹・武内駿輔)	1	144	1.0	6.0	9.1	0.0
1050	What's this?	超魂團（ウルトラソウルズ）	1	200	3.0	6.3	10.2	0.0
1051	ルーンファクトリー４スペシャルより「この想いを乗せて」	ジョー・リノイエ with 安西美貴	1	165	1.0	5.6	9.0	0.0
1052	集結の華々	飛鳥(原田ひとみ)・焔(喜多村英梨)・雅緋(平田宏美)・雪泉(原由実)	1	134	2.0	6.3	10.9	0.0
1054	LEVATEiN feat. 野宮あゆみ	REDALiCE	1	181	4.0	9.1	12.5	0.0
1055	BIG HEAD BANGING	t+pazolite	1	240	6.0	11.0	13.8	0.0
1056	Quon	DJ Noriken	1	170	5.0	10.6	12.8	13.9
1057	HELL FLAME	DJ Myosuke	1	200	5.0	10.4	12.7	13.9
1058	Gate One	aran	1	180	4.0	9.5	12.0	0.0
1059	Are You Ready	Getty	1	175	4.0	10.1	12.5	0.0
1060	Over My Hand	Srav3R	1	175	3.0	9.2	11.1	0.0
1061	Invisible Frenzy	Kobaryo	1	245	7.0	11.0	14.0	0.0
1062	ATARAX1A	DJ Genki	1	170	4.0	8.6	12.5	0.0
1063	Chariot	USAO	1	128	3.0	8.6	12.4	0.0
1064	13 Donkeys	Massive New Krew	1	155	2.0	8.4	12.2	0.0
1065	ADAM	P*Light	1	200	5.0	10.2	13.4	0.0
1068	Exitium	Laur	1	260	6.0	11.0	14.1	0.0
1069	Sunshine	DJ Genki VS かめりあ (feat. moimoi)	1	170	4.0	8.2	11.3	0.0
1070	Try again	USAO	1	170	4.0	8.8	10.6	0.0
1071	Ever Free(Raw Edit)	Massive New Krew	1	150	3.0	8.3	10.1	0.0
1072	BOOM! BOOM!! BOOM!!!	P*Light feat. mow*2	1	170	4.0	10.6	12.3	0.0
1073	BLUE SKY feat. 野宮あゆみ	源屋	1	175	3.0	7.6	10.4	0.0
1076	Sound Chimera	Laur	1	190	5.0	10.8	12.8	13.9
1077	HiGHER	REDALiCE	1	169	3.0	8.5	12.2	0.0
1078	VOX Diamond	t+pazolite	1	200	4.0	7.9	12.6	0.0
1079	Jingle	DJ Noriken	1	170	4.0	9.7	11.3	0.0
1080	Source of Creation	DJ Myosuke	1	190	3.0	8.1	11.3	0.0
1081	GRiDGALAXY	aran	1	174	4.0	8.3	11.5	0.0
1082	Blaze	Getty	1	170	3.0	8.7	11.7	0.0
1083	Akareram	Srav3R	1	180	3.0	8.5	11.7	0.0
1084	Galaxy Friends	Kobaryo	1	300	4.0	8.9	12.7	0.0
1085	jacaranda	西村 隆文	1	187	4.0	9.3	12.7	0.0
1086	Shiny Memory feat.Yukacco	USAO & DJ Genki	2	190	3.0	9.8	12.5	0.0
1087	While Shining feat.Yukacco	aran & Kobaryo	3	175	3.0	8.6	12.3	0.0
1088	Nameless Story	寺島拓篤	1	195	3.0	7.5	10.3	0.0
1089	TOMORROW	Machico	1	134	3.0	8.0	10.4	0.0
1090	五等分の気持ち	中野家の五つ子（花澤香菜・竹達彩奈・伊藤美来・佐倉綾音・水瀬いのり）	1	175	2.0	6.1	9.9	0.0
1091	残酷な天使のテーゼ	高橋洋子	1	129	1.0	5.3	9.3	0.0
1092	輪廻転生	まふまふ	2	196	3.0	9.2	12.3	0.0
1093	幸せになれる隠しコマンドがあるらしい	うたたP	1	142	5.0	10.5	13.3	0.0
1094	ゲームオーバー (feat. TORIENA)	Yunomi	1	138	2.0	7.7	11.7	0.0
1095	ファッとして桃源郷	新庄かなえ（三森すずこ）	1	160	3.0	9.3	12.0	0.0
1097	The Light	W&W ft. Kizuna AI	1	160	3.0	7.8	12.1	0.0
1098	AIAIAI (feat. 中田ヤスタカ)	Kizuna AI	1	128	1.0	6.4	9.4	0.0
1099	乙女解剖	DECO*27	1	134	3.0	7.3	9.2	0.0
1100	スクランブル交際	DECO*27	1	150	3.0	8.4	11.0	0.0
1101	Shining Harmony	Harmonies(P*Light & Massive New Krew)	1	150	4.0	9.6	12.2	0.0
1102	ガンガン・ドンドン	ミュージカル『テニスの王子様』3rdシーズン	2	134	2.0	6.0	9.7	0.0
1104	conflict	siromaru + cranky	1	160	5.0	10.3	13.4	0.0
1105	BATTLE NO.1	TANO*C Sound Team	1	200	6.0	10.5	13.7	14.1
1107	チルノのパーフェクトさんすう教室	ARM＋夕野ヨシミ (IOSYS) feat. miko	1	175	3.0	9.2	11.5	0.0
1108	taboo tears you up 2017	REDALiCE	1	180	4.0	9.8	12.4	0.0
1109	Hello, Morning	Kizuna AI	1	160	2.0	7.1	11.2	0.0
1110	Pixel Galaxy	Snail's House	1	150	2.0	7.2	10.8	0.0
1111	FREEDOM DiVE↓	xi	1	222	6.0	10.9	13.9	0.0
1113	オドループ	フレデリック	2	172	3.0	7.9	10.4	0.0
1114	ストライク・ザ・ブラッド	岸田教団&THE明星ロケッツ	2	208	3.0	8.7	11.7	0.0
1115	燐廻	飛鳥(原田ひとみ)&焔(喜多村英梨)	2	195	2.0	7.7	11.1	0.0
1116	Brain Power	NOMA	2	170	4.0	9.7	13.0	0.0
1117	CHECKER FLAG	COSIO	1	182	3.0	7.2	12.9	0.0
1118	待チ人ハ来ズ。	豚乙女	1	160	2.0	6.4	10.5	0.0
1119	WARNING×WARNING×WARNING	暁Records	1	172	3.0	7.7	11.5	0.0
1121	Utopia feat. shully	HiTECH NINJA	1	165	5.0	9.4	12.6	0.0
1122	Stratoliner	C-Show	1	175	4.0	9.8	12.8	0.0
1123	JINGLE DEATH	DJ Myosuke & Gram	1	222	4.0	10.4	13.2	0.0
1124	Raise Your Heart!!	亜咲花	1	143	3.0	7.4	10.6	0.0
1125	SHINY DAYS	亜咲花	1	110	1.0	5.2	9.0	0.0
1126	Over the sweat and tears	舞台『弱虫ペダル』キャスト	1	160	1.0	5.6	9.4	0.0
1127	Honey Panic!	KO3&Relect	1	190	3.0	9.4	12.1	0.0
1128	BLVST BEVT	Getty	1	170	4.0	10.0	12.6	0.0
1203	U.S.A.	DA PUMP	2	140	2.0	7.1	10.2	0.0
1204	お願いマッスル	紗倉ひびき(CV：ファイルーズあい)＆街雄鳴造(CV：石川界人)	3	132	1.0	7.7	10.7	0.0
1205	青空のラプソディ	fhána	2	135	2.0	6.8	9.3	11.0
1206	ダダダダ天使	ナナヲアカリ	2	180	3.0	7.8	12.0	0.0
1207	ロストワンの号哭	Neru	2	162	4.0	8.3	12.2	0.0
1208	いーあるふぁんくらぶ	みきとP	2	145	2.0	6.5	10.0	0.0
1209	六兆年と一夜物語	kemu	4	186	4.0	8.9	12.5	0.0
1210	悪戯センセーション	森羅万象	2	192	2.0	8.6	12.3	0.0
1211	Mami Mami Zone	REDALiCE feat. 野宮あゆみ	2	173	4.0	9.2	11.4	0.0
1212	Demon's Rave	Hommarju	2	170	5.0	10.0	12.8	0.0
1213	Murasaki	Srav3R	2	180	3.0	7.5	12.4	0.0
1214	Mazy Metroplex	aran	2	155	4.0	10.8	13.7	0.0
1215	ベースラインやってる？笑	かめりあ feat. ななひら	2	128	4.0	9.9	12.2	0.0
1216	EU over Progress	E.G.G. a.k.a. COSIO	2	260	6.0	10.7	12.7	0.0
1217	ドラマツルギー	Eve	2	149	2.0	7.4	10.1	0.0
1218	シャルル	バルーン	2	145	3.0	7.1	10.3	0.0
1219	サクリファイス	まふまふ	4	192	3.0	9.1	12.2	0.0
1221	セツナトリップ	Last Note.	2	145	3.0	9.0	12.1	0.0
1222	カゲロウデイズ	じん(自然の敵P)	2	200	4.0	9.5	11.3	0.0
1224	ブリキノダンス	日向電工	3	172	3.0	7.9	12.3	0.0
1226	ケロ⑨Destiny	Silver Forest	2	172	2.0	6.2	11.7	0.0
1227	LOVE EAST	暁Records	2	168	3.0	7.3	11.0	0.0
1228	天狗の落とし文 feat. ytr	魂音泉	2	160	3.0	8.2	12.1	0.0
1229	神寂	t+pazolite	2	180	4.0	10.8	13.5	0.0
1230	GASHATT	onoken	2	175	4.0	10.1	12.4	0.0
1231	LETHAL;WEAPON	NOMA w/ Apo11o program ft. Yuyoyuppe	3	160	3.0	8.0	12.9	0.0
1232	Eyes on me feat. Such	PSYQUI	2	168	3.0	7.7	12.4	0.0
1236	ぼなぺてぃーと♡S	ブレンド・A	2	152	2.0	7.7	11.5	0.0
1237	デタラメなマイナスとプラスにおけるブレンド考	ブレンド・A	2	164	2.0	5.7	10.0	0.0
1238	Bravely You	Lia	2	152	1.0	6.5	9.5	0.0
1239	進捗どうですか！	オワタP	3	120	3.0	7.3	12.8	0.0
1240	進捗どうですか？	sumijun(Halozy) feat. ななひら(Confetto)	3	199	3.0	8.6	12.5	0.0
1241	進捗WARS feat．ビートまりお	ARM(IOSYS)	4	170	3.0	7.0	11.5	0.0
1242	GOODWORLD	EBIMAYO	2	165	2.0	9.1	12.6	0.0
1243	Altale	削除	2	90	4.0	9.3	12.3	0.0
1244	チュルリラ・チュルリラ・ダッダッダ！	和田たけあき(くらげP)	2	220	4.0	8.3	12.4	0.0
1245	おばけのウケねらい	ピノキオピー	2	148	3.0	8.0	11.7	0.0
1246	ベノム	かいりきベア	2	152	3.0	7.5	12.1	0.0
1247	Metamorphose	Laur	2	160	4.0	10.3	12.7	0.0
1248	MAGiC4LG1RL M3GA S7R1KE!	DJ Noriken	2	198	4.0	10.0	13.1	0.0
1249	METEOR BURST	Getty	2	200	5.0	10.9	13.8	0.0
1250	XTREME	USAO	2	205	6.0	11.0	12.9	14.0
1251	天使光輪	REDALiCE & cosMo＠暴走P	2	203	7.0	11.0	13.2	14.1
1254	ダンシング☆サムライ	崎山つばさ	2	142	3.0	7.7	10.5	0.0
1255	WHITE	超魂團（ウルトラソウルズ）	2	186	3.0	8.0	10.5	0.0
1256	恋メタル	P*Light	3	165	3.0	8.8	12.7	0.0
1258	Ultra Red	REDALiCE & Hommarju	2	170	3.0	9.6	12.8	0.0
1259	サイクルヒット	葛西ハーコーズ	2	175	5.0	10.5	13.5	0.0
1260	君のStarlight Road	セイネ (CV: 河上英里子) 「グルーヴコースター」より	2	178	3.0	8.2	10.3	0.0
1261	聖者の鼓動	世阿弥 「グルーヴコースター」より	2	169	2.0	7.6	12.4	0.0
1262	FUJIN Rumble	COSIO (ZUNTATA) 「グルーヴコースター」より	2	192	5.0	10.8	13.6	0.0
1263	BUCHiGiRE Berserker	REDALiCE vs MASAKI 「グルーヴコースター」より	2	200	4.0	10.9	13.9	0.0
1264	RAGE OF DUST	ＳＰＹＡＩＲ	3	240	3.0	8.4	9.6	0.0
1265	ナイト・オブ・ナイツ (かめりあ’s“ワンス・アポン・ア・ナイト”Remix)	かめりあ	2	188	5.0	10.5	13.1	0.0
1267	†DOOF†SENC†	Kobaryo	2	200	6.0	10.4	13.6	0.0
1268	LOSE CONTROL	Massive New Krew	2	150	3.0	8.1	11.3	0.0
1269	Shiny Smily Story	hololive IDOL PROJECT	2	168	3.0	6.5	10.4	0.0
1270	Dream☆Story	ときのそら	2	136	2.0	7.5	11.2	0.0
1272	天ノ弱	164	2	200	3.0	7.3	10.1	0.0
1273	without U	AZKi	2	173	3.0	7.2	10.2	0.0
1274	風に乗せた願い	豚乙女	2	188	3.0	7.1	10.3	0.0
1275	Strange Bar	Laur	2	110	3.0	10.2	12.8	0.0
1276	ツアー・ファイナル	C-Show	2	108	3.0	9.4	12.3	0.0
1278	スマイル・アンド・ティアズ	ミュージカル『テニスの王子様』3rdシーズン	2	155	2.0	6.1	9.5	0.0
1279	STILL HOT IN MY HEART	ミュージカル『テニスの王子様』3rdシーズン	2	155	3.0	7.3	10.3	0.0
2001	秒針を噛む	ずっと真夜中でいいのに。	3	130	2.0	6.8	11.0	0.0
2002	ガヴリールドロップキック	ガヴリール(CV:富田美憂)、ヴィーネ(CV:大西沙織)、サターニャ(CV:大空直美)、ラフィエル(CV:花澤香菜)	3	168	3.0	6.9	11.0	0.0
2003	This game	鈴木このみ	3	147	2.0	7.6	10.7	0.0
2004	ポジティブ☆ダンスタイム	キノシタ(kinoshita) feat.音街ウナ・鏡音リン	3	210	3.0	8.9	11.6	0.0
2005	Gimme×Gimme feat. 初音ミク・鏡音リン	八王子P × Giga	3	105	2.0	8.1	12.0	0.0
2006	39みゅーじっく！	みきとP	3	130	2.0	7.4	10.9	0.0
2007	ゆけむり魂温泉 II	魂音泉	3	140	3.0	7.5	12.0	0.0
2008	明星ロケット	岸田教団&THE明星ロケッツ	3	163	2.0	7.5	11.7	0.0
2009	Calamity Fortune	LeaF	3	200	4.0	10.0	13.7	0.0
2010	Grayed Out-Antifront-	Getty vs. DJ DiA	3	190	3.0	9.6	13.2	0.0
2011	インドア系ならトラックメイカー	Yunomi	3	128	2.0	7.5	12.9	0.0
2012	with U	t+pazolite & Massive New Krew feat. リリィ(CV:青木志貴)	3	155	3.0	7.9	11.8	13.6
2013	Tell Me	RiraN	3	150	3.0	7.9	11.8	0.0
2014	THE MUZZLE FACING	かめりあ	3	213	4.0	9.8	13.8	0.0
2015	SUPER REACTOR	Kobaryo feat. HiTNEX-X	3	152	4.0	8.2	13.0	0.0
2016	ONOMATO Pairing!!!	t+pazolite feat. ななひら	3	158	2.0	8.5	12.4	0.0
2017	GENOCIDER	DJ Myosuke	3	250	6.0	11.0	14.1	0.0
2019	ALiVE	REDALiCE	3	170	3.0	7.8	11.0	0.0
2021	ぺこみこ大戦争！！	REDALiCE feat. 兎田ぺこら&さくらみこ	3	180	4.0	8.4	11.2	13.2
2023	キラメキライダー☆	hololive IDOL PROJECT	3	182	2.0	7.0	11.5	0.0
2024	Say!ファンファーレ!	白上フブキ	3	170	3.0	8.6	12.5	0.0
2027	キラッとスタート (USAO Remix)	Run Girls, Run！	3	178	4.0	8.2	12.5	0.0
2028	Make it！ (DJ Genki Remix)	i☆Ris	3	172	3.0	7.8	11.6	0.0
2029	ハート♥イロ♥トリドリ〜ム	彩瀬なる（CV.加藤英美里）	3	140	1.0	6.0	10.1	0.0
2030	Make it！	i☆Ris	3	172	1.0	5.1	9.4	0.0
2031	キラッとスタート	Run Girls, Run！	3	168	2.0	7.4	10.2	0.0
2032	アスノヨゾラ哨戒班	Orangestar feat.IA	3	185	3.0	7.6	11.9	0.0
2033	ヒビカセ	GigaReol	3	140	3.0	8.4	12.3	0.0
2034	脳漿炸裂ガール	れるりり	3	155	5.0	9.5	13.5	0.0
2036	ARTEMiS	BlackY	3	186	4.0	10.6	13.9	0.0
2037	パニックポップ☆フェスティバル!!!	DJ Genki	3	230	5.0	10.0	13.3	0.0
2038	患部で止まってすぐ溶ける ～ 狂気の優曇華院	ARM＋夕野ヨシミ (IOSYS) feat. miko	4	200	3.0	9.8	13.2	0.0
2039	物凄い勢いでけーねが物凄いうた	Halozy	4	180	4.0	9.9	12.2	0.0
2040	Sweet Requiem	REDALiCE & aran	3	190	3.0	9.2	12.7	0.0
2042	Help me, ERINNNNNN!!	ビートまりお（COOL&CREATE）	3	184	3.0	7.7	11.6	0.0
2043	マッチョアネーム？	街雄鳴造（ＣＶ：石川界人）	3	132	2.0	6.6	12.7	0.0
2046	猫娘	かねこちはる	3	140	6.0	10.6	13.7	0.0
2047	Poppin' Shower	P*Light	3	175	3.0	9.8	12.5	0.0
2048	Stasis feat.motoko -WACCA EDiT-	源屋	3	172	4.0	7.9	12.7	0.0
2049	RAV#GIRL	Srav3R	3	175	3.0	7.8	12.6	0.0
2053	フリーフォール	Zekk	3	180	4.0	8.8	12.7	0.0
2054	Liberate	USAO	3	155	4.0	9.5	13.1	0.0
2055	Animosity	Laur	3	210	6.0	10.9	13.8	0.0
2056	Big Bang	Massive New Krew	3	160	7.0	11.0	14.0	0.0
2058	sister's noise	fripSide	4	144	2.0	6.0	10.1	0.0
2059	Fish Fight!	野猿	3	147	4.0	9.0	11.6	0.0
2060	THERAPY	group_inou	3	150	4.0	9.1	12.7	0.0
2062	はげしこの夜 -Psylent Crazy Night-	aran & Kobaryo	3	150	4.0	8.8	13.7	0.0
2065	ニュー・ウェーブ	ミュージカル『テニスの王子様』3rdシーズン	3	150	2.0	6.1	9.3	0.0
2066	夢見る空へ	hololive IDOL PROJECT	3	180	2.0	7.7	11.3	0.0
2067	NEXT COLOR PLANET	星街すいせい	3	132	2.0	7.5	12.6	0.0
2068	HELLO to DREAM	井口裕香	3	160	1.0	6.5	9.7	0.0
2069	over and over	井口裕香	3	170	2.0	7.5	10.4	0.0
2070	KALACAKLA	aran & lapix	3	165	4.0	8.0	12.7	0.0
2071	From Zero feat. 利香	Neko Hacker	3	160	3.0	7.7	11.8	0.0
2072	PRESS START!	KOTONOHOUSE	3	140	4.0	8.7	12.7	0.0
2073	TWISTSTEP	Pa's Lam System	3	170	3.0	8.8	12.7	0.0
2074	Future Cαndy	YUC'e	3	180	3.0	9.1	12.7	0.0
2075	シャカリキ・ファイト・ブンブン	ミュージカル『テニスの王子様』3rdシーズン	3	158	3.0	6.7	11.7	0.0
2076	ワールドイズマイン	supercell	3	165	3.0	8.3	11.6	0.0
2077	ぼくらの16bit戦争	sasakure. UK	3	122	4.0	9.1	13.4	0.0
2078	隔絶≡タナトス	ろひ	3	200	4.0	8.5	13.5	0.0
2079	Weg	ユアミトス ｢Lanota｣より	4	188	3.0	8.6	12.3	0.0
2080	Apocalypse	アリスシャッハと魔法の楽団 ｢Lanota｣より	4	220	2.0	7.6	12.4	0.0
2081	Rainmaker	Kamome sano ｢Lanota｣より	4	180	4.0	9.9	13.5	0.0
2082	You are the Miserable	t+pazolite ｢Lanota｣より	4	163	3.0	10.0	13.9	0.0
2083	Stasis	Maozon ｢Lanota｣より	4	180	3.0	10.2	13.6	0.0
2084	トロピカッ☆バケーション	アイズ・ヴァレンシュタイン（cv.大西沙織）	3	162	2.0	7.5	10.7	0.0
2085	PUPA	モリモリあつし	4	202	4.0	8.6	13.7	0.0
2088	Good Night, Bad Luck.	t+pazolite 「グルーヴコースター」より	3	285	5.0	10.7	13.7	0.0
2089	Got more raves?	E.G.G. 「グルーヴコースター」より	3	266	6.0	10.9	13.5	0.0
2090	グルーヴ・ザ・ハート	ビートまりお＋あまね 「グルーヴコースター」より	3	190	4.0	8.5	12.5	0.0
2091	QiXiN MAdN3ss 2153	DJ Noriken vs MASAKI	3	200	6.0	11.0	13.9	0.0
2092	ホイホイ☆幻想ホロイズム	宝鐘マリン with ホロイズムファンタジー	4	195	3.0	7.7	12.7	0.0
2202	なだめスかし Negotiation	鹿乃と宇崎ちゃん	4	150	3.0	7.7	11.9	0.0
2203	非実在系女子たちはどうすりゃいいですか？	綾瀬理恵	4	158	3.0	8.5	12.6	0.0
2204	叩ケ　叩ケ　手ェ叩ケ	SIRO	5	160	2.0	7.3	12.3	13.8
2205	テレキャスタービーボーイ	すりぃ feat.鏡音レン	4	182	3.0	8.9	11.9	0.0
2206	Scream out!	A-One	4	165	4.0	8.1	12.8	0.0
2207	MAGENTA POTION	EmoCosine	4	150	4.0	8.1	12.6	0.0
2208	Megaton Killer	DJ Myosuke	4	220	5.0	10.0	13.6	0.0
2209	ATAMA WARUI	Laur	4	175	5.0	9.1	12.9	0.0
2210	LIN NE KRO NE feat. lasah	sasakure.UK	4	250	4.0	9.0	13.7	0.0
2211	Lhaksha	Feryquitous	4	191	3.0	9.6	12.5	0.0
2212	SHAKE!	REDALiCE	4	180	4.0	9.5	12.7	0.0
2213	DUAL BREAKER XX	Srav3R vs Getty	4	200	6.0	10.8	13.8	0.0
2214	バレリーコ	みきとP	4	150	3.0	8.2	11.6	0.0
2215	フィクサー	ぬゆり	4	135	3.0	7.3	12.9	0.0
2216	だれかの心臓になれたなら	ユリイ・カノン feat.GUMI	4	145	3.0	7.8	12.1	0.0
2217	Destr0yer	削除 feat Nikki Simmons	4	90	5.0	8.7	13.0	0.0
2218	もぺもぺ	LeaF	4	100	4.0	8.2	12.7	0.0
2219	Popping Happiness!	DJ Genki & P*Light	4	180	4.0	8.5	12.4	0.0
2220	Madwing	DJ Myosuke & aran	4	180	5.0	9.9	12.8	0.0
2221	TRICKL4SH 220	Lite Show Magic	4	220	4.0	10.9	13.8	0.0
2222	チルノは覚醒サマーデイズ！	森羅万象	4	174	3.0	8.6	12.3	0.0
2223	エピクロスの虹はもう見えない	SYNC.ART'S feat. 美里	4	155	3.0	8.4	11.3	0.0
2224	ARROW RAIN feat.ayame	Masayoshi Minoshima(Alstroemeria Records)	4	180	5.0	9.2	12.6	0.0
2225	四次元跳躍機関	koutaq	4	135	2.0	9.1	12.7	0.0
2226	Destructive Little Sister	Kobaryo	4	495	5.0	10.9	13.9	0.0
2227	透明声彩	YuNi	5	140	3.0	7.6	11.8	0.0
2228	Fly to NEW WORLD	ミライアカリ	5	158	3.0	8.3	12.2	0.0
2229	Night Club Junkie	YUC'e	4	120	2.0	6.8	12.5	0.0
2230	Cauliflower	HiTECH NINJA	4	138	4.0	8.7	12.8	0.0
2231	Purple Skies	Mameyudoufu	4	185	3.0	8.4	12.4	0.0
2232	EVE	P*Light	4	200	4.0	9.2	13.1	0.0
2234	Lost Illusion	Yooh	4	135	4.0	10.7	12.7	0.0
2235	eden	漆黒の堕天使《Gram》†Versus† "聖刻"の熾天使《Gram》	4	245	4.0	10.5	13.3	14.1
2236	Silentphobia	t+pazolite VS 削除	4	290	4.0	10.3	13.6	14.1
2238	炉心融解	iroha	5	165	2.0	8.6	12.2	0.0
2239	トリノコシティ	40mP	5	135	3.0	7.7	12.2	0.0
2240	メニメニマニマニ	高宮なすの(鳴海杏子)	5	154	3.0	7.8	12.3	0.0
2243	LOVE!HUG!GROOVY!!	Happy Around!＆Peaky P-key 「D4DJ Groovy Mix」より	4	157	4.0	8.7	12.4	13.5
2244	Dig Delight!	Happy Around! 「D4DJ Groovy Mix」より	4	179	3.0	8.3	11.4	0.0
2245	電乱★カウントダウン	Peaky P-key 「D4DJ Groovy Mix」より	4	139	4.0	7.8	12.5	0.0
2246	Photon Melodies	Photon Maiden 「D4DJ Groovy Mix」より	4	128	3.0	7.7	11.5	0.0
2247	やけにインザレイン feat. 小林私	t+pazolite	4	220	3.0	10.3	13.1	0.0
2248	Traveller feat.moimoi	かめりあ vs DJ Genki	4	170	2.0	8.4	12.4	0.0
2249	FLVSH OUT	Getty	4	160	4.0	9.8	13.5	0.0
2250	BSCS	Massive New Krew	4	155	4.0	8.8	13.3	0.0
2251	ぐるぐるDJ TURN!!	Happy Around! feat. KYOKO & SAKI 「D4DJ Groovy Mix」より	4	220	4.0	10.1	12.8	0.0
2252	ソロモン・ナイト	「アズールレーン」より	4	170	3.0	7.8	13.4	0.0
2253	cœur	Polaris「アズールレーン」より	4	188	3.0	8.7	12.7	0.0
2254	私はNo 1！	サンディエゴ（CV:伊藤あすか）「アズールレーン」より	4	178	3.0	8.4	12.3	0.0
2255	Eternal Ending	Kobaryo	4	400	5.0	10.9	13.4	0.0
2256	さんさーら！	ARuFa	4	140	2.0	7.9	12.4	0.0
3003	Fam☆Fam☆Time!	ド葛本社	5	150	3.0	8.2	11.9	0.0
3004	Grip & Break down !!	SOUND HOLIC feat. Nana Takahashi	5	160	3.0	8.5	12.0	0.0
3005	KING	Kanaria	5	166	2.0	8.0	11.6	0.0
3006	ダーリンダンス	かいりきベア	5	153	2.0	8.7	12.8	0.0
3007	サマータイムレコード	じん	5	185	3.0	7.8	11.9	0.0
3008	Machinery of Avoid	Noizenecio	5	180	4.0	8.5	12.7	0.0
3009	Datamania (tpz Overheat Remix)	t+pazolite	5	175	3.0	7.8	12.6	0.0
3011	Ouvertüre	USAO & DJ Genki feat. ルーン(CV:河瀬茉希)	5	200	3.0	9.6	13.3	14.0
3012	Love Kills U	EmoCosine	5	160	4.0	8.4	12.5	0.0
3013	超MANJIラッシュ	Massive New Krew	5	205	5.0	9.7	13.7	0.0
3015	YOG	モリモリあつし	5	201	4.0	9.7	13.8	0.0
3016	Meta-Mysteria	DJ Noriken	5	205	6.0	11.0	14.1	0.0
3017	Avant Raze	Sampling Masters MEGA	5	200	3.0	8.0	12.6	0.0
3018	#1f1e33	かめりあ(EDP)	5	181	3.0	10.9	13.9	0.0
3019	Arcahv	Feryquitous	5	191	3.0	10.5	13.6	0.0
3020	最強STRONGER	REDALiCE vs USAO	5	205	5.0	10.6	14.0	0.0
3021	Sheriruth (Laur Remix)	Laur	5	200	4.0	10.3	13.3	0.0
3022	Let you DIVE! (nitro rmx)	nitro (lowiro)	5	185	4.0	8.7	12.7	0.0
3023	うっせぇわ	Ado	5	178	3.0	9.6	12.2	13.2
3024	怪盗Fの台本（シナリオ）〜消えたダイヤの謎〜	ひとしずく×やま△	5	128	3.0	9.1	13.7	0.0
3025	∞(2018Remake)	cosMo＠暴走P feat.初音ミク	5	190	3.0	8.7	13.8	0.0
3026	おねがいダーリン	OИE (song by ナナホシ管弦楽団)	5	180	4.0	9.3	11.6	0.0
3027	花たちに希望を	Sound piercer feat.DAZBEE	5	187	3.0	9.8	12.4	0.0
3028	Kira☆Kira☆Night	KO3 & Relect	5	190	5.0	9.6	12.9	0.0
3029	Crime Wave	REDALiCE feat. 野宮あゆみ	5	156	3.0	8.1	12.7	0.0
3030	ヒトガタ	HIMEHINA	5	150	3.0	9.7	12.6	0.0
3031	Break Through Myself feat. Risa Yuzuki	DJ Myosuke & Laur	5	200	4.0	10.2	13.4	0.0
3032	Reach My Voice	TANO*C ALL STARS	5	171	3.0	8.8	12.8	0.0
3033	Chobit Flavor	aran & t+pazolite	5	180	3.0	9.2	12.6	0.0
3034	D3LTA QOMPLEX	Getty & Srav3R & DJ Noriken	5	175	4.0	9.9	13.1	0.0
3035	ちがう!!!	ダイナミック自演ズ	5	181	4.0	9.7	12.4	0.0
3036	Lights of Muse	Ayatsugu_Otowa	5	180	3.0	9.9	12.0	0.0
3037	XODUS	DJ Myosuke & Gram	5	202	5.0	11.0	14.0	0.0
3038	Comet Coaster	DJ Noriken & aran	5	180	5.0	9.9	13.3	0.0
3039	恋のMoonlight	REDALiCE feat. 犬山たまき	5	128	2.0	8.0	11.8	0.0
3040	粉骨砕身カジノゥ	モリモリあつし	5	198	3.0	8.1	13.6	0.0
3041	The 90's Decision	MYUKKE.	5	128	4.0	9.5	13.5	0.0
3042	NightTheater	わかどり	5	151	3.0	10.0	13.0	0.0
3044	DANGEROOOOUS JUNGLE	Laur	5	160	3.0	10.6	13.4	14.1
3045	Dimension Hacker	Kobaryo	5	343	4.0	10.8	13.4	14.1
3046	EPHMR	aran	5	202	4.0	10.7	13.2	14.1
3047	クリムゾン帝王	REDALiCE	5	230	8.0	11.7	13.7	14.2
3048	メルト	supercell	5	170	3.0	8.7	12.6	0.0
3049	天樂	ゆうゆ	5	232	3.0	8.6	12.7	0.0
3050	吉原ラメント	亜沙	5	192	3.0	8.3	12.4	0.0
3052	Candy Star	DJ Genki feat. Yukacco	5	180	3.0	9.5	13.2	0.0
3053	Onigami	DJ Noriken	5	150	4.0	9.0	13.2	0.0
3055	アゲナゲン	餓鬼レンジャー feat. 梅田サイファー	5	180	4.0	10.5	13.5	0.0
3056	ファムファタール	ギルガメッシュ（CV：大塚剛央）、千極兆司（CV：立花慎之介）、緋野天魔（CV：小野賢章）、神水鶴久遠（CV：広瀬裕也）、皇麗夢（CV：豊永利行）	5	124	3.0	8.0	11.1	0.0
3057	cloud IX	NOMA	5	150	4.0	10.5	13.6	0.0
3058	神	DJ Myosuke vs MASAKI	5	190	6.0	10.9	13.7	14.1
3059	CENSORED!!	t+pazolite	5	195	4.0	8.7	13.4	0.0
3060	Invisible Frenzy (Camellia's "593: Insanely Fluctuated" Remix)	Camellia	5	593	6.0	11.2	14.1	0.0
3061	GENOCIDER (Kobaryo's FTN-Remix)	Kobaryo	5	294	6.0	10.7	14.1	0.0
3062	Möbius	USAO & Camellia	5	230	8.0	10.8	14.1	15.0
3063	You & DIE	USAO	5	210	4.0	10.7	13.6	0.0
3064	DIVE with Ü	HARDCORE TANO*C & エリザベス（CV:大西沙織） & リリィ（CV:青木志貴） & ルーン（CV:河瀬茉希）	5	180	3.0	9.6	13.3	12.0
3071	Big Daddy	USAO	5	190	5.0	8.7	13.3	0.0
3072	BPM=RT	t+pazolite	5	1962	5.0	10.8	13.9	0.0
3073	Crush Out	REDALiCE	5	176	4.0	10.2	12.9	0.0
3074	T+ VS SHARK	t+pazolite	5	200	4.0	10.9	13.8	0.0
3075	最先端坊将軍３	SAISEN TURN	5	174	3.0	8.8	13.8	0.0
3076	1BPM	DJ Myosuke	5	1	4.0	10.5	13.7	0.0
3077	EXTRA HARD	DJ Myosuke	5	215	4.0	11.0	14.0	0.0
3078	N3XTAGE	Srav3R	5	175	4.0	10.4	12.7	0.0
3079	Middle	Srav3R	5	126	3.0	7.6	12.9	0.0
3080	Avenue	aran	5	128	3.0	7.9	12.9	0.0
3081	Brand New World feat. Yukacco	aran	5	128	3.0	7.5	11.8	0.0
3082	Everybody Say HARDCORE TANO*C	DJ Noriken	5	170	4.0	9.1	13.4	0.0
3083	GAKKY	Getty	5	300	4.0	10.7	13.7	0.0
3084	SUPER EMULATOR	Kobaryo feat. HiTNEX-X	5	208	4.0	11.0	14.0	0.0
3085	Obtain An Unused Whale In The Abstract Sea	Kobaryo	5	108	2.0	6.0	13.3	0.0
3086	Viyella's Nightmare	Laur	5	220	4.0	11.0	13.8	0.0
3087	Ready Go feat. Yukacco	DJ Genki	5	170	3.0	8.6	12.3	0.0
3088	Odin	Gram	5	200	4.0	10.7	13.6	0.0
3089	We are the Massive New Krew (2020Edit)	Massive New Krew	5	150	3.0	8.6	13.0	14.0
3090	えくすとりーむ↑↑おんがくスクール feat. ななひら	Massive New Krew & RoughSketch	5	210	4.0	10.9	13.8	0.0
3091	To the sky -wacca edit- feat.motoko	源屋	5	175	3.0	8.9	12.5	0.0
3092	NIGHTWAVE FRAGMENTS	DJ Noriken	5	190	4.0	10.6	13.7	0.0
3093	Keep on Groovin' feat. mow*2	P*Light	5	175	4.0	9.9	12.5	0.0
3094	Scramble TANO*C	aran	5	175	3.0	9.6	12.8	0.0
